{"Title":"FlameCsv.Benchmark.Comparisons.PeekFields-20260108-111915","HostEnvironmentInfo":{"BenchmarkDotNetCaption":"BenchmarkDotNet","BenchmarkDotNetVersion":"0.15.8","OsVersion":"macOS Tahoe 26.2 (25C56) [Darwin 25.2.0]","ProcessorName":"Apple M4 Max","PhysicalProcessorCount":1,"PhysicalCoreCount":16,"LogicalCoreCount":16,"RuntimeVersion":".NET 10.0.0 (10.0.0, 10.0.25.52411)","Architecture":"Arm64","HasAttachedDebugger":false,"HasRyuJit":true,"Configuration":"RELEASE","DotNetCliVersion":"10.0.100","ChronometerFrequency":{"Hertz":1000000000},"HardwareTimerKind":"Unknown"},"Benchmarks":[{"DisplayInfo":"PeekFields._FlameCsv: Job-CASMLP(MinIterationTime=1s, Server=True, MaxIterationCount=48, MaxWarmupIterationCount=32, MinIterationCount=16, MinWarmupIterationCount=16)","Namespace":"FlameCsv.Benchmark.Comparisons","Type":"PeekFields","Method":"_FlameCsv","MethodTitle":"_FlameCsv","Parameters":"","FullName":"FlameCsv.Benchmark.Comparisons.PeekFields._FlameCsv","HardwareIntrinsics":"ArmBase+AdvSimd,AES,CRC32,DP,RDM,SHA1,SHA256 VectorSize=128","Statistics":{"OriginalValues":[1330756.5107421875,1324129.5986328125,1325706.9091796875,1323506.14453125,1313854.6552734375,1343472.9404296875,1334131.6728515625,1332600.5859375,1322447.46875,1338458.8623046875,1330204.833984375,1320454.79296875,1315418.25390625,1329643.0263671875,1336228.4345703125],"N":15,"Min":1313854.6552734375,"LowerFence":1307392.8225097656,"Q1":1322976.806640625,"Median":1329643.0263671875,"Mean":1328067.6460286458,"Q3":1333366.1293945312,"UpperFence":1348950.1135253906,"Max":1343472.9404296875,"InterquartileRange":10389.32275390625,"LowerOutliers":[],"UpperOutliers":[],"AllOutliers":[],"StandardError":2156.877194491437,"Variance":69781788.48175879,"StandardDeviation":8353.549454079912,"Skewness":-0.0013986229032636169,"Kurtosis":1.9952972308349595,"ConfidenceInterval":{"N":15,"Mean":1328067.6460286458,"StandardError":2156.877194491437,"Level":12,"Margin":8930.451047037383,"Lower":1319137.1949816083,"Upper":1336998.0970756833},"Percentiles":{"P0":1313854.6552734375,"P25":1322976.806640625,"P50":1329643.0263671875,"P67":1331457.2593164062,"P80":1334551.0251953125,"P85":1336018.7583984374,"P90":1337566.6912109375,"P95":1339963.0857421875,"P100":1343472.9404296875}},"Memory":{"Gen0Collections":0,"Gen1Collections":0,"Gen2Collections":0,"TotalOperations":1024,"BytesAllocatedPerOperation":512}},{"DisplayInfo":"PeekFields._Sep: Job-CASMLP(MinIterationTime=1s, Server=True, MaxIterationCount=48, MaxWarmupIterationCount=32, MinIterationCount=16, MinWarmupIterationCount=16)","Namespace":"FlameCsv.Benchmark.Comparisons","Type":"PeekFields","Method":"_Sep","MethodTitle":"_Sep","Parameters":"","FullName":"FlameCsv.Benchmark.Comparisons.PeekFields._Sep","HardwareIntrinsics":"ArmBase+AdvSimd,AES,CRC32,DP,RDM,SHA1,SHA256 VectorSize=128","Statistics":{"OriginalValues":[2878369.466796875,2926462.404296875,2921536.541015625,2897013.998046875,2887368.896484375,2902746.744140625,2895162.19140625,2873296.142578125,2868579.916015625,2896407.30859375,2906295.248046875,2886451.82421875,2895596.76171875,2904636.068359375,2900060.546875,2876420.330078125],"N":16,"Min":2868579.916015625,"LowerFence":2856249.4743652344,"Q1":2884431.2348632812,"Median":2896002.03515625,"Mean":2894775.274291992,"Q3":2903219.0751953125,"UpperFence":2931400.8356933594,"Max":2926462.404296875,"InterquartileRange":18787.84033203125,"LowerOutliers":[],"UpperOutliers":[],"AllOutliers":[],"StandardError":4045.5230956864993,"Variance":261860113.88372606,"StandardDeviation":16182.092382745997,"Skewness":0.2164139526455383,"Kurtosis":2.21527051611226,"ConfidenceInterval":{"N":16,"Mean":2894775.274291992,"StandardError":4045.5230956864993,"Level":12,"Margin":16476.465654769556,"Lower":2878298.8086372227,"Upper":2911251.7399467616},"Percentiles":{"P0":2868579.916015625,"P25":2884431.2348632812,"P50":2896002.03515625,"P67":2900194.8567382814,"P80":2904636.068359375,"P85":2905880.453125,"P90":2913915.89453125,"P95":2922768.0068359375,"P100":2926462.404296875}},"Memory":{"Gen0Collections":0,"Gen1Collections":0,"Gen2Collections":0,"TotalOperations":512,"BytesAllocatedPerOperation":5856}},{"DisplayInfo":"PeekFields._Sylvan: Job-CASMLP(MinIterationTime=1s, Server=True, MaxIterationCount=48, MaxWarmupIterationCount=32, MinIterationCount=16, MinWarmupIterationCount=16)","Namespace":"FlameCsv.Benchmark.Comparisons","Type":"PeekFields","Method":"_Sylvan","MethodTitle":"_Sylvan","Parameters":"","FullName":"FlameCsv.Benchmark.Comparisons.PeekFields._Sylvan","HardwareIntrinsics":"ArmBase+AdvSimd,AES,CRC32,DP,RDM,SHA1,SHA256 VectorSize=128","Statistics":{"OriginalValues":[8369755.53125,8307538.0859375,8389981.1171875,8362860.3515625,8350574.21875,8378941.7265625,8444413.40625,8383919.265625,8336100.9140625,8281982.09375,8327521.484375,8348835.9375,8357132.8125,8366037.7578125],"N":14,"Min":8281982.09375,"LowerFence":8283243.908203125,"Q1":8339284.669921875,"Median":8359996.58203125,"Mean":8357542.478794643,"Q3":8376645.177734375,"UpperFence":8432685.939453125,"Max":8444413.40625,"InterquartileRange":37360.5078125,"LowerOutliers":[8281982.09375],"UpperOutliers":[8444413.40625],"AllOutliers":[8281982.09375,8444413.40625],"StandardError":10403.252451574173,"Variance":1515187261.9965768,"StandardDeviation":38925.40638190662,"Skewness":0.15271501684488764,"Kurtosis":3.0696111211473314,"ConfidenceInterval":{"N":14,"Mean":8357542.478794643,"StandardError":10403.252451574173,"Level":12,"Margin":43910.37800497346,"Lower":8313632.100789669,"Upper":8401452.856799616},"Percentiles":{"P0":8281982.09375,"P25":8339284.669921875,"P50":8359996.58203125,"P67":8368677.376953125,"P80":8380932.7421875,"P85":8384222.358203125,"P90":8388162.56171875,"P95":8409032.418359375,"P100":8444413.40625}},"Memory":{"Gen0Collections":0,"Gen1Collections":0,"Gen2Collections":0,"TotalOperations":128,"BytesAllocatedPerOperation":41410}},{"DisplayInfo":"PeekFields._CsvHelper: Job-CASMLP(MinIterationTime=1s, Server=True, MaxIterationCount=48, MaxWarmupIterationCount=32, MinIterationCount=16, MinWarmupIterationCount=16)","Namespace":"FlameCsv.Benchmark.Comparisons","Type":"PeekFields","Method":"_CsvHelper","MethodTitle":"_CsvHelper","Parameters":"","FullName":"FlameCsv.Benchmark.Comparisons.PeekFields._CsvHelper","HardwareIntrinsics":"ArmBase+AdvSimd,AES,CRC32,DP,RDM,SHA1,SHA256 VectorSize=128","Statistics":{"OriginalValues":[19756311.203125,19770567.703125,19781128.90625,19876286.46875,19875782.546875,19823707.6875,19872761.71875,19853461.59375,19825592.453125,19762811.84375,19773358.71875,19755586.59375,19901378.265625,19862099.609375,19869895.84375,19861110.6875],"N":16,"Min":19755586.59375,"LowerFence":19625733.943359375,"Q1":19772660.96484375,"Median":19839527.0234375,"Mean":19826365.115234375,"Q3":19870612.3125,"UpperFence":20017539.333984375,"Max":19901378.265625,"InterquartileRange":97951.34765625,"LowerOutliers":[],"UpperOutliers":[],"AllOutliers":[],"StandardError":12871.215429682159,"Variance":2650690986.1966095,"StandardDeviation":51484.861718728636,"Skewness":-0.18926596712259003,"Kurtosis":1.2716546136071838,"ConfidenceInterval":{"N":16,"Mean":19826365.115234375,"StandardError":12871.215429682159,"Level":12,"Margin":52421.43820373142,"Lower":19773943.677030645,"Upper":19878786.553438105},"Percentiles":{"P0":19755586.59375,"P25":19772660.96484375,"P50":19839527.0234375,"P67":19862489.42109375,"P80":19872761.71875,"P85":19875027.33984375,"P90":19876034.5078125,"P95":19882559.41796875,"P100":19901378.265625}},"Memory":{"Gen0Collections":1,"Gen1Collections":0,"Gen2Collections":0,"TotalOperations":64,"BytesAllocatedPerOperation":2789168}},{"DisplayInfo":"PeekFields._RecordParser: Job-CASMLP(MinIterationTime=1s, Server=True, MaxIterationCount=48, MaxWarmupIterationCount=32, MinIterationCount=16, MinWarmupIterationCount=16)","Namespace":"FlameCsv.Benchmark.Comparisons","Type":"PeekFields","Method":"_RecordParser","MethodTitle":"_RecordParser","Parameters":"",