{"Title":"FlameCsv.Benchmark.Comparisons.WriteObjects-20251121-081232","HostEnvironmentInfo":{"BenchmarkDotNetCaption":"BenchmarkDotNet","BenchmarkDotNetVersion":"0.15.6","OsVersion":"Windows 11 (10.0.26100.7171/24H2/2024Update/HudsonValley)","ProcessorName":"AMD Ryzen 7 PRO 7840U w/ Radeon 780M Graphics","PhysicalProcessorCount":1,"PhysicalCoreCount":8,"LogicalCoreCount":16,"RuntimeVersion":".NET 10.0.0 (10.0.0, 10.0.25.52411)","Architecture":"X64","HasAttachedDebugger":false,"HasRyuJit":true,"Configuration":"RELEASE","DotNetCliVersion":"10.0.100","ChronometerFrequency":{"Hertz":10000000},"HardwareTimerKind":"Unknown"},"Benchmarks":[{"DisplayInfo":"WriteObjects._Flame_SrcGen: Job-CASMLP(MinIterationTime=1s, Server=True, MaxIterationCount=48, MaxWarmupIterationCount=32, MinIterationCount=16, MinWarmupIterationCount=16) [Records=20000, Async=False]","Namespace":"FlameCsv.Benchmark.Comparisons","Type":"WriteObjects","Method":"_Flame_SrcGen","MethodTitle":"_Flame_SrcGen","Parameters":"Records=20000&Async=False","FullName":"FlameCsv.Benchmark.Comparisons.WriteObjects._Flame_SrcGen(Records: 20000, Async: False)","HardwareIntrinsics":"AVX512 BITALG+VBMI2+VNNI+VPOPCNTDQ,AVX512 IFMA+VBMI,AVX512 F+BW+CD+DQ+VL,AVX2+BMI1+BMI2+F16C+FMA+LZCNT+MOVBE,AVX,SSE3+SSSE3+SSE4.1+SSE4.2+POPCNT,X86Base+SSE+SSE2,AES+PCLMUL VectorSize=256","Statistics":{"OriginalValues":[7717616.40625,7748439.453125,7611773.4375,7632071.484375,7673937.5,7698060.15625,7658553.125,7633940.625,7677138.28125,7703118.359375,7681387.109375,7597043.75,7700971.09375,7649690.234375,7699158.59375,7750502.34375],"N":16,"Min":7597043.75,"LowerFence":7562120.21484375,"Q1":7645752.83203125,"Median":7679262.6953125,"Mean":7677087.6220703125,"Q3":7701507.91015625,"UpperFence":7785140.52734375,"Max":7750502.34375,"InterquartileRange":55755.078125,"LowerOutliers":[],"UpperOutliers":[],"AllOutliers":[],"StandardError":11176.988640748797,"Variance":1998801201.2068422,"StandardDeviation":44707.95456299519,"Skewness":-0.07913601298892672,"Kurtosis":1.9771187591124433,"ConfidenceInterval":{"N":16,"Mean":7677087.6220703125,"StandardError":11176.988640748797,"Level":12,"Margin":45521.25030738372,"Lower":7631566.371762929,"Upper":7722608.872377696},"Percentiles":{"P0":7597043.75,"P25":7645752.83203125,"P50":7679262.6953125,"P67":7699249.21875,"P80":7703118.359375,"P85":7713991.89453125,"P90":7733027.9296875,"P95":7748955.17578125,"P100":7750502.34375}},"Memory":{"Gen0Collections":0,"Gen1Collections":0,"Gen2Collections":0,"TotalOperations":256,"BytesAllocatedPerOperation":216}},{"DisplayInfo":"WriteObjects._Flame: Job-CASMLP(MinIterationTime=1s, Server=True, MaxIterationCount=48, MaxWarmupIterationCount=32, MinIterationCount=16, MinWarmupIterationCount=16) [Records=20000, Async=False]","Namespace":"FlameCsv.Benchmark.Comparisons","Type":"WriteObjects","Method":"_Flame","MethodTitle":"_Flame","Parameters":"Records=20000&Async=False","FullName":"FlameCsv.Benchmark.Comparisons.WriteObjects._Flame(Records: 20000, Async: False)","HardwareIntrinsics":"AVX512 BITALG+VBMI2+VNNI+VPOPCNTDQ,AVX512 IFMA+VBMI,AVX512 F+BW+CD+DQ+VL,AVX2+BMI1+BMI2+F16C+FMA+LZCNT+MOVBE,AVX,SSE3+SSSE3+SSE4.1+SSE4.2+POPCNT,X86Base+SSE+SSE2,AES+PCLMUL VectorSize=256","Statistics":{"OriginalValues":[7946281.25,7909938.28125,7883870.3125,7816794.53125,7910510.9375,7886605.46875,7825073.4375,7865851.5625,8022204.6875,7860018.75,7949540.625,7872301.5625,7835089.84375],"N":13,"Min":7816794.53125,"LowerFence":7784280.46875,"Q1":7860018.75,"Median":7883870.3125,"Mean":7891083.173076923,"Q3":7910510.9375,"UpperFence":7986249.21875,"Max":8022204.6875,"InterquartileRange":50492.1875,"LowerOutliers":[],"UpperOutliers":[8022204.6875],"AllOutliers":[8022204.6875],"StandardError":15897.851638481958,"Variance":3285641927.3493843,"StandardDeviation":57320.51925226589,"Skewness":0.6984461699671816,"Kurtosis":2.6903154123862913,"ConfidenceInterval":{"N":13,"Mean":7891083.173076923,"StandardError":15897.851638481958,"Level":12,"Margin":68643.60521421049,"Lower":7822439.567862713,"Upper":7959726.778291133},"Percentiles":{"P0":7816794.53125,"P25":7860018.75,"P50":7883870.3125,"P67":7909961.1875,"P80":7931973.125,"P85":7946933.125,"P90":7948888.75,"P95":7978606.25,"P100":8022204.6875}},"Memory":{"Gen0Collections":0,"Gen1Collections":0,"Gen2Collections":0,"TotalOperations":128,"BytesAllocatedPerOperation":216}},{"DisplayInfo":"WriteObjects._Sep: Job-CASMLP(MinIterationTime=1s, Server=True, MaxIterationCount=48, MaxWarmupIterationCount=32, MinIterationCount=16, MinWarmupIterationCount=16) [Records=20000, Async=False]","Namespace":"FlameCsv.Benchmark.Comparisons","Type":"WriteObjects","Method":"_Sep","MethodTitle":"_Sep","Parameters":"Records=20000&Async=False","FullName":"FlameCsv.Benchmark.Comparisons.WriteObjects._Sep(Records: 20000, Async: False)","HardwareIntrinsics":"AVX512 BITALG+VBMI2+VNNI+VPOPCNTDQ,AVX512 IFMA+VBMI,AVX512 F+BW+CD+DQ+VL,AVX2+BMI1+BMI2+F16C+FMA+LZCNT+MOVBE,AVX,SSE3+SSSE3+SSE4.1+SSE4.2+POPCNT,X86Base+SSE+SSE2,AES+PCLMUL VectorSize=256","Statistics":{"OriginalValues":[8201937.5,8161685.15625,8216688.28125,8148573.4375,8106774.21875,8098179.6875,8149635.9375,8075809.375,8142154.6875,8088661.71875,8104693.75,8117128.90625,8139210.15625,8111171.09375],"N":14,"Min":8075809.375,"LowerFence":8038979.19921875,"Q1":8105213.8671875,"Median":8128169.53125,"Mean":8133021.707589285,"Q3":8149370.3125,"UpperFence":8215604.98046875,"Max":8216688.28125,"InterquartileRange":44156.4453125,"LowerOutliers":[],"UpperOutliers":[8216688.28125],"AllOutliers":[8216688.28125],"StandardError":10966.265134895644,"Variance":1683625594.1235886,"StandardDeviation":41032.00694730382,"Skewness":0.5932410346084181,"Kurtosis":2.264033028918798,"ConfidenceInterval":{"N":14,"Mean":8133021.707589285,"StandardError":10966.265134895644,"Level":12,"Margin":46286.75980108179,"Lower":8086734.947788204,"Upper":8179308.467390367},"Percentiles":{"P0":8075809.375,"P25":8105213.8671875,"P50":8128169.53125,"P67":8146712,"P80":8154455.625,"P85":8163697.7734375,"P90":8189861.796875,"P95":8207100.2734375,"P100":8216688.28125}},"Memory":{"Gen0Collections":1,"Gen1Collections":0,"Gen2Collections":0,"TotalOperations":128,"BytesAllocatedPerOperation":478640}},{"DisplayInfo":"WriteObjects._Sylvan: Job-CASMLP(MinIterationTime=1s, Server=True, MaxIterationCount=48, MaxWarmupIterationCount=32, MinIterationCount=16, MinWarmupIterationCount=16) [Records=20000, Async=False]","Namespace":"FlameCsv.Benchmark.Comparisons","Type":"WriteObjects","Method":"_Sylvan","MethodTitle":"_Sylvan","Parameters":"Records=20000&Async=False","FullName":"FlameCsv.Benchmark.Comparisons.WriteObjects._Sylvan(Records: 20000, Async: False)","HardwareIntrinsics":"AVX512 BITALG+VBMI2+VNNI+VPOPCNTDQ,AVX512 IFMA+VBMI,AVX512 F+BW+CD+DQ+VL,AVX2+BMI1+BMI2+F16C+FMA+LZCNT+MOVBE,AVX,SSE3+SSSE3+SSE4.1+SSE4.2+POPCNT,X86Base+SSE+SSE2,AES+PCLMUL VectorSize=256","Statistics":{"OriginalValues":[7631970.3125,7640980.078125,7602371.875,7638028.125,7582161.71875,7596671.875,7601153.90625,7581443.359375,7617407.8125,7639410.9375,7585517.96875,7643376.953125,7638858.984375,7640057.03125,7655485.15625,7634926.5625],"N":16,"Min":7581443.359375,"LowerFence":7540724.8046875,"Q1":7600033.3984375,"Median":7633448.4375,"Mean":7620613.916015625,"Q3":7639572.4609375,"UpperFence":7698881.0546875,"Max":7655485.15625,"InterquartileRange":39539.0625,"LowerOutliers":[],"UpperOutliers":[],"AllOutliers":[],"StandardError":6254.949143472594,"Variance":625990220.5988566,"StandardDeviation":25019.796573890377,"Skewness":-0.3790663066387438,"Kurtosis":1.4495863346865019,"ConfidenceInterval":{"N":16,"Mean":7620613.916015625,"StandardError":6254.949143472594,"Level":12,"Margin":25474.93916043703,"Lower":7595138.976855188,"Upper":7646088.855176062},"Percentiles":{"P0":7581443.359375,"P25":7600033.3984375,"P50":7633448.4375,"P67":7638886.58203125,"P80":7640057.03125,"P85":7640749.31640625,"P90":7642178.515625,"P95":7646404.00390625,"P100":7655485.15625}},"Memory":{"Gen0Collections":0,