{"Title":"FlameCsv.Benchmark.Comparisons.ReadObjects-20251121-080627","HostEnvironmentInfo":{"BenchmarkDotNetCaption":"BenchmarkDotNet","BenchmarkDotNetVersion":"0.15.6","OsVersion":"Windows 11 (10.0.26100.7171/24H2/2024Update/HudsonValley)","ProcessorName":"AMD Ryzen 7 PRO 7840U w/ Radeon 780M Graphics","PhysicalProcessorCount":1,"PhysicalCoreCount":8,"LogicalCoreCount":16,"RuntimeVersion":".NET 10.0.0 (10.0.0, 10.0.25.52411)","Architecture":"X64","HasAttachedDebugger":false,"HasRyuJit":true,"Configuration":"RELEASE","DotNetCliVersion":"10.0.100","ChronometerFrequency":{"Hertz":10000000},"HardwareTimerKind":"Unknown"},"Benchmarks":[{"DisplayInfo":"ReadObjects._FlameCsv: Job-CASMLP(MinIterationTime=1s, Server=True, MaxIterationCount=48, MaxWarmupIterationCount=32, MinIterationCount=16, MinWarmupIterationCount=16) [Records=20000, Async=False]","Namespace":"FlameCsv.Benchmark.Comparisons","Type":"ReadObjects","Method":"_FlameCsv","MethodTitle":"_FlameCsv","Parameters":"Records=20000&Async=False","FullName":"FlameCsv.Benchmark.Comparisons.ReadObjects._FlameCsv(Records: 20000, Async: False)","HardwareIntrinsics":"AVX512 BITALG+VBMI2+VNNI+VPOPCNTDQ,AVX512 IFMA+VBMI,AVX512 F+BW+CD+DQ+VL,AVX2+BMI1+BMI2+F16C+FMA+LZCNT+MOVBE,AVX,SSE3+SSSE3+SSE4.1+SSE4.2+POPCNT,X86Base+SSE+SSE2,AES+PCLMUL VectorSize=256","Statistics":{"OriginalValues":[4840858.984375,4895294.921875,4864275.390625,4821044.140625,4899382.421875,4848197.65625,4887047.65625,4875407.8125,4846475.390625,4812855.859375,4866141.015625,4846798.4375,4861669.53125,4844880.078125,4852729.6875],"N":15,"Min":4812855.859375,"LowerFence":4808032.71484375,"Q1":4845677.734375,"Median":4852729.6875,"Mean":4857537.265625,"Q3":4870774.4140625,"UpperFence":4908419.43359375,"Max":4899382.421875,"InterquartileRange":25096.6796875,"LowerOutliers":[],"UpperOutliers":[],"AllOutliers":[],"StandardError":6406.081220079024,"Variance":615568148.9737375,"StandardDeviation":24810.645879818152,"Skewness":0.05034128015958925,"Kurtosis":2.087571847457216,"ConfidenceInterval":{"N":15,"Mean":4857537.265625,"StandardError":6406.081220079024,"Level":12,"Margin":26524.085323620107,"Lower":4831013.18030138,"Upper":4884061.35094862},"Percentiles":{"P0":4812855.859375,"P25":4845677.734375,"P50":4852729.6875,"P67":4864984.328125,"P80":4877735.78125,"P85":4885883.671875,"P90":4891996.015625,"P95":4896521.171875,"P100":4899382.421875}},"Memory":{"Gen0Collections":52,"Gen1Collections":1,"Gen2Collections":1,"TotalOperations":256,"BytesAllocatedPerOperation":0}},{"DisplayInfo":"ReadObjects._Flame_SrcGen: Job-CASMLP(MinIterationTime=1s, Server=True, MaxIterationCount=48, MaxWarmupIterationCount=32, MinIterationCount=16, MinWarmupIterationCount=16) [Records=20000, Async=False]","Namespace":"FlameCsv.Benchmark.Comparisons","Type":"ReadObjects","Method":"_Flame_SrcGen","MethodTitle":"_Flame_SrcGen","Parameters":"Records=20000&Async=False","FullName":"FlameCsv.Benchmark.Comparisons.ReadObjects._Flame_SrcGen(Records: 20000, Async: False)","HardwareIntrinsics":"AVX512 BITALG+VBMI2+VNNI+VPOPCNTDQ,AVX512 IFMA+VBMI,AVX512 F+BW+CD+DQ+VL,AVX2+BMI1+BMI2+F16C+FMA+LZCNT+MOVBE,AVX,SSE3+SSSE3+SSE4.1+SSE4.2+POPCNT,X86Base+SSE+SSE2,AES+PCLMUL VectorSize=256","Statistics":{"OriginalValues":[4727469.921875,4525245.703125,4599178.515625,4646044.921875,4610299.609375,4637347.265625,4693342.96875,4654130.078125,4662325,4685394.53125,4668116.015625,4710035.15625,4604083.203125,4646547.65625,4635107.03125,4648311.328125],"N":16,"Min":4525245.703125,"LowerFence":4563609.47265625,"Q1":4628905.17578125,"Median":4647429.4921875,"Mean":4647061.181640625,"Q3":4672435.64453125,"UpperFence":4737731.34765625,"Max":4727469.921875,"InterquartileRange":43530.46875,"LowerOutliers":[4525245.703125],"UpperOutliers":[],"AllOutliers":[4525245.703125],"StandardError":12134.557668578453,"Variance":2355959836.9928985,"StandardDeviation":48538.23067431381,"Skewness":-0.6070836630149259,"Kurtosis":3.324578177071949,"ConfidenceInterval":{"N":16,"Mean":4647061.181640625,"StandardError":12134.557668578453,"Level":12,"Margin":49421.204114575885,"Lower":4597639.977526049,"Upper":4696482.385755201},"Percentiles":{"P0":4525245.703125,"P25":4628905.17578125,"P50":4647429.4921875,"P67":4662614.55078125,"P80":4685394.53125,"P85":4691355.859375,"P90":4701689.0625,"P95":4714393.84765625,"P100":4727469.921875}},"Memory":{"Gen0Collections":47,"Gen1Collections":0,"Gen2Collections":0,"TotalOperations":256,"BytesAllocatedPerOperation":6935768}},{"DisplayInfo":"ReadObjects._Sylvan: Job-CASMLP(MinIterationTime=1s, Server=True, MaxIterationCount=48, MaxWarmupIterationCount=32, MinIterationCount=16, MinWarmupIterationCount=16) [Records=20000, Async=False]","Namespace":"FlameCsv.Benchmark.Comparisons","Type":"ReadObjects","Method":"_Sylvan","MethodTitle":"_Sylvan","Parameters":"Records=20000&Async=False","FullName":"FlameCsv.Benchmark.Comparisons.ReadObjects._Sylvan(Records: 20000, Async: False)","HardwareIntrinsics":"AVX512 BITALG+VBMI2+VNNI+VPOPCNTDQ,AVX512 IFMA+VBMI,AVX512 F+BW+CD+DQ+VL,AVX2+BMI1+BMI2+F16C+FMA+LZCNT+MOVBE,AVX,SSE3+SSSE3+SSE4.1+SSE4.2+POPCNT,X86Base+SSE+SSE2,AES+PCLMUL VectorSize=256","Statistics":{"OriginalValues":[7265153.515625,7281194.140625,7135602.34375,7153256.640625,7120605.46875,7090653.515625,7153346.484375,7160181.25,7151932.03125,7274214.453125,7325189.84375,7370373.828125,7339125.390625,7311826.5625,7247908.203125],"N":15,"Min":7090653.515625,"LowerFence":6936720.3125,"Q1":7152594.3359375,"Median":7247908.203125,"Mean":7225370.911458333,"Q3":7296510.3515625,"UpperFence":7512384.375,"Max":7370373.828125,"InterquartileRange":143916.015625,"LowerOutliers":[],"UpperOutliers":[],"AllOutliers":[],"StandardError":23524.126775605535,"Variance":8300768108.321418,"StandardDeviation":91108.55123599221,"Skewness":0.06933083480862186,"Kurtosis":1.3533379171401525,"ConfidenceInterval":{"N":15,"Mean":7225370.911458333,"StandardError":23524.126775605535,"Level":12,"Margin":97400.56741773883,"Lower":7127970.344040594,"Upper":7322771.478876072},"Percentiles":{"P0":7090653.515625,"P25":7152594.3359375,"P50":7247908.203125,"P67":7276866.734375,"P80":7314499.21875,"P85":7323853.515625,"P90":7333551.171875,"P95":7348499.921875,"P100":7370373.828125}},"Memory":{"Gen0Collections":365,"Gen1Collections":18,"Gen2Collections":0,"TotalOperations":256,"BytesAllocatedPerOperation":10961962}},{"DisplayInfo":"ReadObjects._CsvHelper: Job-CASMLP(MinIterationTime=1s, Server=True, MaxIterationCount=48, MaxWarmupIterationCount=32, MinIterationCount=16, MinWarmupIterationCount=16) [Records=20000, Async=False]","Namespace":"FlameCsv.Benchmark.Comparisons","Type":"ReadObjects","Method":"_CsvHelper","MethodTitle":"_CsvHelper","Parameters":"Records=20000&Async=False","FullName":"FlameCsv.Benchmark.Comparisons.ReadObjects._CsvHelper(Records: 20000, Async: False)","HardwareIntrinsics":"AVX512 BITALG+VBMI2+VNNI+VPOPCNTDQ,AVX512 IFMA+VBMI,AVX512 F+BW+CD+DQ+VL,AVX2+BMI1+BMI2+F16C+FMA+LZCNT+MOVBE,AVX,SSE3+SSSE3+SSE4.1+SSE4.2+POPCNT,X86Base+SSE+SSE2,AES+PCLMUL VectorSize=256","Statistics":{"OriginalValues":[15737787.5,15767767.1875,15792739.0625,15717142.1875,15736003.125,15719439.0625,15641178.125,15734701.5625,15740945.3125,15739764.0625,15805225,15794664.0625,15753118.75],"N":13,"Min":15641178.125,"LowerFence":15685103.125,"Q1":15734701.5625,"Median":15739764.0625,"Mean":15744651.923076924,"Q3":15767767.1875,"UpperFence":15817365.625,"Max":15805225,"InterquartileRange":33065.625,"LowerOutliers":[15641178.125],"UpperOutliers":[],"AllOutliers":[15641178.125],"StandardError":11725.096339987953,"Variance":1787212494.3659852,"StandardDeviation":42275.436063581714,"Skewness":-0.6875799413041205,"Kurtosis":3.3953499954885906,"ConfidenceInterval":{"N":13,"Mean":15744651.923076924,"StandardError":11725.096339987953,"Level":12,"Margin":50626.51876260499,"Lower":15694025.404314319,"Upper":15795278.44183953},"Percentiles":{"P0":15641178.125,"P25":15734701.5625,"P50":15739764.0625,"P67":15753704.6875,"P80":15782750.3125,